ngram,count
pro hac vice,51333
equal employment opportunity,28101
employment opportunity commission,26275
department homeland security,13941
appear pro hac,11759
uscourts gov cgi,10826
gov cgi bin,10780
minute entry held,10661
behalf similarly situated,10516
cgi bin dktrpt,10464
american liberties union,9759
release transcript restriction,9210
unlawful employment practices,8601
lead pro hac,8530
health human services,8198
deadline release transcript,8153
mental health care,8038
internal quotation marks,7962
mental health services,7760
board education school,7545
