case_id,case_name,case_type,class_action_sought,source_word_count,generated_long,generated_short,generated_tiny,ref_long,ref_short,ref_tiny
PN-MN-0006,Williams v. Minneapolis,Policing,Yes,2608,"Minneapolis Police Department officer Derek Chauvin killed an unarmed and restrained black man, George Floyd, by kneeling on the man’s neck for nearly nine minutes . Video of the incident was distributed worldwide via social media, resulting in mass protests across the country . Plaintiff Annette Williams has since suffered from labored breathing and chest pain interfering with her daily activities . Plaintiff raises claims based on questions of law and fact that are common to, and typical of, the putative class members of the Class she seeks to represent . Plaintiffs seek relief enjoying the police from using such tactics against protestors .","Minneapolis Police Department officer Derek Chauvin killed an unarmed and restrained black man, George Floyd, by kneeling on the man’s neck for nearly nine minutes . Video of the incident was distributed worldwide via social media, resulting in mass protests across the country . Plaintiff Annette Williams has since suffered from labored breathing and chest pain interfering with her daily activities .","Minneapolis Police Department officer Derek Chauvin killed an unarmed and restrained black man, George Floyd, by kneeling on the man’s neck for nearly nine minutes . Video of the incident was distributed worldwide via social.","This class-action lawsuit was brought on June 2, 2020, in the U.S. District Court for the District of Minnesota. The suit arose out of the protests that engulfed the nation following the police killing of George Floyd in May of 2020. Defendants in this case are the City of Minneapolis and John Does 1-100, one of whom was a police officer who sprayed pepper spray on the plaintiff. The complaint alleges that Minneapolis law enforcement used tactics during these protests which constituted violations of the First and Fourteenth Amendments, and that the city's failure to keep police in line also violated the Constitution. Specifically, the complaint cited 42 U.S.C. Section 1983, claiming that the police used excessive force and retaliation against protesters in violation of the Fourteenth Amendment, and that attacks on the protesters were violations of free speech and free assembly under the First Amendment. It sought at least $50,000 in monetary damages plus interest, a temporary restraining order, a permanent injunction, and attorney's fees and costs of the suit. 

On June 3, 2020, the case was assigned to Judge David S. Doty and referred to Magistrate Judge Becky R. Thorson. The case is ongoing. ","This class-action alleged that the Minneapolis police used tactics on peaceful protesters that were in violation of the First and Fourteenth Amendments. The case arose out of the nationwide protests following the police killing of George Floyd. The plaintiff in this case alleged that a police officer (John Doe 1) used pepper spray on her and her daughter while they were peacefully protesting on the sidewalk. The plaintiff sued under 42 U.S.C. Section 1983, claiming that the police violated her right to free speech and free assembly, and that their actions represented excessive force and illegal retaliation. They also launched a Monell complaint, saying that the city is responsible for the police officers' actions. 

The case is ongoing as of August 4, 2020.",This case against @MinneapolisPD alleges that the police used force (including pepper spray) against peaceful protesters amidst the George Floyd protests in violation of the 1st and 14th Amendments. Follow the case here.
PD-TX-0003,Stone v. Tom Green County,Indigent Defense,No,4447,"Patricia Stone argued in a criminal appeal that the plea-bargaining system violates the Texas and United States Constitutions . Defendants implemented a policy of refusing to enter a plea bargain with any of Stone’s other clients unless she personally agrees that her argument was wrong . Defendants’ ongoing policy is an attempt to suppress protected political expression . Tom Green County has a policy, implemented by its district attorneys, of refusing . to enter plea bargains with Stone unless she agrees to sign a document proclaiming that she personally believes plea bargaining in the State of Texas to be constitutional .",Patricia Stone argued in a criminal appeal that the plea-bargaining system violates the Texas and United States Constitutions . Defendants implemented a policy of refusing to enter a plea bargain with any of Stone’s other clients unless she personally agrees that her argument was wrong . Defendants’ ongoing policy is an attempt to suppress protected political expression .,Patricia Stone argued in a criminal appeal that the plea-bargaining system violates the Texas and United States Constitutions . Defendants implemented a policy of refusing to enter a plea bargain with any of Stone’s other.,"On October 1, 2019, a criminal defense lawyer practicing in Texas filed this lawsuit in the U.S. District Court for the Northern District of Texas.  The plaintiff sued Tom Green County and its two elected District Attorneys under 42 U.S.C. § 1983.  The plaintiff claimed violations of her First Amendment rights.  In June 2018, plaintiff was serving as appellate counsel in a criminal case.  In her arguments, plaintiff challenged the constitutionality of the plea bargain system on the grounds that convictions by plea bargains violated the jury-trial rights outlined in the Texas and United State Constitutions.  The plaintiff alleged that in retaliation, the Tom Green County District Attorney's Office implemented a policy of refusing to enter into plea bargains with the plaintiff unless she signed an ""Additional Admonishment"" agreeing that her argument regarding the constitutionality of plea bargains was wrong.  This policy forced the plaintiff to withdraw from her criminal-defense cases due to ethical reasons, leading to lost job opportunity.  The plaintiff sought injunctive and compensatory damages.  

The defendants moved to dismiss the complaint on January 3, 2020, asserting that the plaintiff had failed to support a claim for relief, because the ""real party in interest"" was Texas rather than Tom Greene County.  

As of February 24, 2020, the case was ongoing.  ","In October 2019, a criminal defense attorney sued the Tom Green County District Attorney's Office, alleging retaliation for asserting in court that plea bargains were unconstitutional.  The alleged retaliation was the District Attorney's Office's refusal to enter into plea bargains with clients represented by the plaintiff.  As of February 2020, the case was ongoing.",Criminal defense lawyers sues District Attorney alleging retaliation for arguing the unconstitutionality of plea bargains (N.D. Tex.) 
CW-IL-0006,Aristotle P. v. McDonald,Child Welfare,Yes,27823,"Class action lawsuit in which consent order was entered on March 11, 1994 . Plaintiffs alleged that the Illinois Department of Children and Family Services had a practice of placing siblings apart from their brothers and sisters and not affording them reasonable visitation . The plaintiffs filed their complaint on September 15, 1988, alleging that these practices and policies violated their rights to freedom of association under the First Amendment, substantive due process under the Fourteenth Amendment, and their rights under the Adoption Assistance and Child Welfare Act of 1980 .","Class action lawsuit in which consent order was entered on March 11, 1994 . Plaintiffs alleged that the Illinois Department of Children and Family Services had a practice of placing siblings apart from their brothers and sisters and not affording them reasonable visitation . The plaintiffs filed their complaint on September 15, 1988, alleging that these practices and policies violated their rights to freedom of association under the First Amendment, substantive due process under the Fourteenth Amendment .","Class action lawsuit in which consent order was entered on March 11, 1994 . Plaintiffs alleged that the Illinois Department of Children and Family Services had a practice of placing siblings apart from their brothers.","The plaintiffs, children who had been made wards of the state and placed in foster homes in Illinois, brought this lawsuit on September 15, 1988, in the U.S. District Court for the Northern District of Illinois, against the Illinois Department of Children and Family Services (DCFS). Represented by the Office of the Cook County Public Guardian, the plaintiffs sued under the Adoptive Assistance and Child Welfare Act of 1980, 42 U.S.C. §§ 620-628, 670-679. They challenged the defendants' practice of placing siblings in separate homes and denying them the opportunity to visit each other in violation of their rights under the First and Fourteenth Amendments.

In 1989, the defendants moved for summary judgment. Though U.S. District Court Judge Ann C. Williams did not reject the First Amendment claim regarding the plaintiffs' right to associate with their siblings, nor the Fourteenth Amendment substantive due process rights claims regarding plaintiff's liberty interest in their relationships with their siblings, the Judge did dismiss the claim under the Adoptive Assistance and Child Welfare Act of 1980. <i>Aristotle P. v. Johnson</i>, 721 F. Supp. 1002 (N.D. Il. 1989).

In October 1989, Judge Williams certified a class of plaintiffs consisting of children in the custody or guardianship of DCFS, who are subjects of neglect, dependency or abuse petitions and have not been placed with their siblings in foster homes, and have been denied regular and reasonable visitation with their siblings. The parties conferred on potential settlement during most of 1990-1993, and in December 1993, the parties proposed a consent decree. The following March, a notice of class action went out to all children who are subjects of abuse, neglect, or dependency positions in the Juvenile Court of Cook County. After a fairness hearing, Judge Williams approved the consent decree on March 11, 1994.

Specific provisions in the decree provided standards for the placement of children, permanency planning, mental health, education, health care, protective services, initial assessments of children, adequate food/shelter/clothing, caseload ratios, information systems, licensing, training, and quality assurance. The terms of the consent decree established minimum visitation rights for siblings who could not be placed together for well-defined reasons. DCFS must provide written notice to siblings upon a decision that they cannot have joint placements and upon any decision to change a sibling placement. Transportation subsidies are provided to foster parents who transport children and supervise sibling visitation. Agencies who contract with DCFS and who do not comply with the consent decree are subject to monetary sanctions.

In February 1997, the parties made a joint motion to extend the consent decree to 1999. On motion, parts of the consent decree were extended several more times--in particular, the parts about sibling visitation. The provisions about sibling placement ended, however, in 2003, based on the Department’s demonstration of substantial compliance. 

On March 8, 2014, the plaintiffs filed a report seeking, once again, to extend the sibling visitation provisions of the decree and to seek additional relief. The plaintiffs complained that DCFS had not provided sufficient proof to establish that it was in substantial compliance with the consent decree, and outlined five major problems in DCFS's performance: 

1) DCFS had tendered only about a third of its total reviews for the two-year period from March 2012 through March 2014;
2) The reviews that DCFS had render were flawed because they were based upon biased cases that were not randomly selected;
3) DCFS used its own 75% threshold as substantial compliance in reviewing a case;
4) DCFS excluded cases that were not exceptions as outlined by the decree; and 
5) DCFS did not respond to the plaintiffs' request for a randomized sibling visitation study of Cook County Cases. 

As a result, the plaintiffs requested that the Court extend the consent decree for two year and to do the following:

1) Order DCFS to tender all the QA reviews completed since March 2012; 
2) Order DCFS to adopt a verifiable methodology or random sampling in its QA review process;
3) Order DCFS to use only the reasons that are specified in the consent decree to disqualify cases; 
4) Order that DCFS amend its policy so that sanctions can be given out based on QA reviews; and 
5) Order DCFS to comply with the plaintiffs' December 18, 2013 discovery request. 

On February 23, 2015, Judge Charles R. Norgle, Sr., over the defendant's objections, granted the plaintiffs' requested two-year extension and additional relief. 

On February 22, 2017, the plaintiffs again requested that the court extend the consent decree for two years. The plaintiffs cited many of the same concerns that they had about the defendant's compliance in their March 2014 motion. In addition to a two-year extension of the consent decree, the plaintiffs requested that the court order the defendant to contract with an independent auditor to conduct the remaining sibling visitation reviews. 

After granting several of the defendant's motions to extend the deadline for submitting its response to the plaintiffs' motion to extend the consent decree, the court gave the defendant until November 13, 2018 to file its response. However, the docket does not reflect any further activity after the court's most recent extension. As of August 2020, the docket does not indicate whether the defendant filed its response by the deadline. ","Plaintiffs, a class of children in the custody or guardianship of the Illinois Department of Children and Family Services (DCFS), who have not been placed with their siblings in foster homes, and have been denied regular and reasonable visitation with their siblings, brought suit in 1988 under the First and Fourteenth Amendments. The plaintiffs and defendant DCFS entered a consent decree in 1993, which extends until 2017, providing for regular visitation rights. In February 2017, the plaintiffs requested that the Court extend the consent decree for two more years. As of February 3, 2019, the defendant's response is still pending.",Children in the custody of state of IL granted visitation rights when not placed with siblings in foster homes
IM-DC-0048,Buzzfeed Inc. v. U.S. Immigration and Customs Enforcement,Immigration and/or the Border ,No,3034,"U.N. Immigrations & Customs Enforcement is accused of violating the Freedom of Information Act . The suit was filed by U.S. Immigrant and Customs Enforcement . The government is seeking to enforce the law . The parties must file a joint proposed schedule for disclosure or briefing motions for summary judgment, on or before 9/18/2018 . ICE must process the approximately 8,100 pages of responsive records at a rate of 1,000 pages per month . Judge Ketanji Brown Jackson ordered parties to file further joint status report on 6/24/2020 .","U.N. Immigrations & Customs Enforcement is accused of violating the Freedom of Information Act . The suit was filed by U.S. Immigrant and Customs Enforcement . The government is seeking to enforce the law . The parties must file a joint proposed schedule for disclosure or briefing motions for summary judgment, on or before 9/18/2018 .",U.N. Immigrations & Customs Enforcement is accused of violating the Freedom of Information Act . The suit was filed by U.S. Immigrant and Customs Enforcement . The government wants to enforce the law .,"On June 25, 2018, Buzzfeed and Loevy & Loevy brought this Freedom of Information Act (FOIA) suit against the U.S. Department of Homeland Security (DHS) and its component agency, Immigration and Customs Enforcement (ICE). The plaintiffs sought to shed light on ICE’s use and review of solitary confinement for individuals in its custody, citing ICE policy which requires additional oversight of decisions to hold detainees in segregation for over 14 days. Earlier, in October 2017, ICE approved the plaintiffs' expedited processing for its FOIA request filed in September 2017. Over the next several months, ICE failed to produce any documents and provide a future date for their production as required by law. In March 2018, Buzzfeed filed an administrative appeal to DHS regarding ICE’s failure to produce documents within a reasonable time frame. In April 2018, DHS responded that the request was pending but declined to provide an estimated document production date. This suit was filed in the U.S. District Court for the District of Columbia and assigned to Judge Ketanji Brown Jackson. 

The plaintiffs sought written notices sent to ICE field office directors documenting instances when an ICE detainee was held continuously in segregation for over 14 days, as well as reviews of those notices which were to be completed every 14 days per ICE policy. The complaint noted that, according to UN experts, holding individuals in solitary confinement for over 15 days may constitute torture and lead to irreversible psychological damage. 

On August 2, 2018, the defendants filed an answer to the plaintiffs' complaint admitting that it had not produced any documents in response to the FOIA request. On September 19, 2018, the defendants informed the court that it had identified over 8,100 documents responsive to the request and proposed a processing and production schedule of 400 pages per month to be completed in May 2020. The plaintiffs objected to ICE's proposed completion date as it was 3 years past the date the request was made and proposed a 90 day schedule to the court. 

On October 4, 2018, Judge Jackson ordered ICE to file a supplemental declaration with the court explaining its FOIA-processing capacity and the reason for delay in this case. In an answer filed on October 16, 2018, ICE stated that the plaintiffs' expedited processing request was made in error, and that ICE FOIA's office has an especially heavy workload this year, among other things. 



In a minute order filed on October 22, 2018, the court found that while it does not dispute ICE’s reasons for delay in this case, the “instant request qualifies for special treatment given its declared expedited processing status, and the agency’s considerable and unexplained delay in producing any records in this matter.”  As such, the court ordered ICE to provide 8,100 pages of documents at the rate of 1000 pages per month, to be completed on or before August 1, 2019. The court further ordered ICE to produce the first batch of documents on or before December 1, 2019, and to file a status report 60 days after the first production and every 60 days thereafter. 

Following this order, the parties filed a series of status reports. In status reports filed on February 25, 2019, April 24, 2019, the parties stated the number of produced documents and plans for future document production, among other things. 

In the status report filed on August 26, 2019, the parties proposed the schedule for cross-motions for summary judgment. On November 26, 2019, DHS the parties filed a joint consent motion to stay summary judgment briefing. On December 5, 2019, the court granted this motion and ordered parties to file regular status reports indicating, among other things, whether further litigation will be necessary. 

Since that order, DHS has been filing regular status reports, and as of June 2020, the litigation is dormant as document production continues.
","On June 26, 2018, Buzzfeed and Loevy & Loevy sued ICE in U.S. District Court for District of Columbia for its failure to respond to a FOIA request regarding the use and review of solitary confinement in ICE detention. ICE refused to produce documents over a year after the request was filed and provide an estimated document production date. On September 19, 2018, ICE proposed a document production schedule that would run through May 2020. Judge Ketanji Brown approved the schedule, and the document production is ongoing. ",Buzzfeed sued Immigration and Customs Enforcement for information about solitary confinement in ICE detention facilities. @buzzfeed @LoevyAndLoevy (D.D.C.)
PC-MO-0012,Qandah v. Lombardi,Prison Conditions,Yes,5175,"Amendment 2 would ensure that any person has the right to pray individually or corporately in a private or public setting so long as such prayer does not result in disturbance of the peace or disruption of a public meeting or assembly . Amendment 2 stigmatizes prisoners as innately inferior and, therefore, less worthy of the protection of the Missouri Constitution . Only case I find where . Missouri prisoners litigated in State Court on a religious rights claim treated Missouri law as being similar to Federal law . Experience suggests that prisoners typically litigate about grooming standards, dietary issues, and organized prayer opportunities .","Amendment 2 would ensure that any person has the right to pray individually or corporately in a private or public setting so long as such prayer does not result in disturbance of the peace or disruption of a public meeting or assembly . Amendment 2 stigmatizes prisoners as innately inferior and, therefore, less worthy of the protection of the Missouri Constitution . Only case I find where Missouri prisoners litigated in State Court on a religious rights claim treated Missouri law as being similar to Federal law .",Amendment 2 would ensure that any person has the right to pray individually or corporately in a private or public setting so long as such prayer does not result in disturbance of the peace or.,"On August 8, 2012, two Missouri prisoners filed this class-action lawsuit under § 1983 against the Missouri Department of Corrections. The prisoners, represented by the ACLU, asked the U.S. District Court for the Western District of Missouri for declaratory relief that a state constitutional amendment, voted on by the public on August 7, 2012, was unconstitutional and for injunctive relief against the enforcement or implementation of that amendment. Under Missouri's constitution, freedom of religion, the plaintiffs explained, had long been broader than under the federal First Amendment.  Amendment 2 would strengthen religious rights still further -- except for prisoners.  For prisoners, Amendment 2 <i>shrank</i> religious rights, providing that the Missouri freedom-of-religion section ""shall not be construed to expand the rights of prisoners in state or local custody beyond those afforded by the laws of the United States.""  The prisoners claimed that the voter-approved amendment to the Missouri Constitution would, if enforced, deprive prisoners of the additional protections of religious liberty guaranteed by the Missouri Constitution (the prisoners claimed Missouri's Constitution was more protective of an individual's right to religious liberty and expression than federal law).  essentially sought to limit Missouri prisoners' religious liberty to that protected by federal law, while providing even greater protection to non-prisoner Missouri citizens. The prisoners claimed this violated the Fourteenth Amendment's Equal Protection Clause and the First Amendment's Establishment Clause. They sought to define a class of all current and future prisoners in the custody of the Missouri Department of Corrections. 

On September 10, 2012, the state moved to dismiss the case.  On February 25, 2013, the Court (Judge Howard F. Sachs) agreed with the state that the prisoners had not identified any specific endangered exercise of religious liberty, and thus, the case was a ""moot dispute over abstract, hypothetical concepts, unripe for judicial resolution."" 2013 WL 684189.  In dismissing the prisoners' claim, Judge Sachs said that the prisoners did not offer any reason or cite any cases to support a claim that the Missouri Constitution, prior to Amendment 2, provided prisoners any greater protection of religious liberty than federal law. Thus, there was no change in the law for prisoners, and absent a concrete injury, or even a hypothetical situation where religious liberty would be altered by the new amendment, the court had no controversy before it.  

The docket shows no sign of an appeal, so the opinion is presumably final. ","Missouri prisoners filed a class-action lawsuit against the Missouri Department of Corrections challenging a state constitutional amendment. The challenged provision, Amendment 2, sought to limit Missouri prisoners' religious liberty to that protected by federal law. Judge Sachs dismissed the prisoners' complaint as moot and unripe because there  was no change in the law for prisoners, and therefore, the court had no controversy before it.  ",Judge finds prisoners' challenge of Amendment 2 to the Missouri Constitution moot. Dismisses all claims. (W.D. Mo.)
